step,value
20,0.6111111044883728
40,0.5545454621315002
60,0.6515151262283325
80,0.6727272868156433
100,0.551948070526123
120,0.5826839804649353
140,0.6822510957717896
160,0.6868686676025391
180,0.6510822772979736
200,0.5476190447807312
