step,value
20,0.6359524130821228
40,0.6754379868507385
60,0.7370904684066772
80,0.764136016368866
100,0.6873906850814819
120,0.7324957847595215
140,0.7053053379058838
160,0.7203930020332336
180,0.7083985209465027
200,0.7267777919769287
